n_days,DT_05_pct_diff_median,DT_05_pct_diff_abs_median,DT_16_pct_diff_median,DT_16_pct_diff_abs_median,DT_25_pct_diff_median,DT_25_pct_diff_abs_median,DT_75_pct_diff_median,DT_75_pct_diff_abs_median,DT_84_pct_diff_median,DT_84_pct_diff_abs_median,DT_95_pct_diff_median,DT_95_pct_diff_abs_median,NT_vs_DT_pct_diff_median,NT_vs_DT_pct_diff_abs_median,Site
884,-17.07568431298048,17.078045685279186,-11.761686172573741,12.097080813409654,-8.232398414125482,9.301399566331567,3.0263930783989865,5.625452490578235,5.7500391054370645,6.813059995014321,10.233067275607409,10.424743573273691,-4.60679465137118,16.74380170566213,AT-Mmg
633,-26.026795271952853,26.026795271952853,-14.888300198646137,15.49900041767538,-8.182454391195572,11.2906515089059,10.452079894055116,12.167517570304549,16.447193906551977,16.447193906551977,24.84381856624246,24.84381856624246,55.121329713705194,63.38740224828935,AT-Neu
1296,-16.082863654716974,16.15793715960196,-8.9151718716501,9.992236659311915,-5.11831453474819,6.417543985187709,3.7847086926321905,5.021000311115709,7.082758602195466,7.406192692376299,14.718474553396387,14.718474553396387,-0.2951659189414606,24.973565747260253,AT-Nsd
471,-8.899536154175872,8.899536154175872,-5.620590153739613,5.842405083897017,-3.378859600353419,4.1038804769635036,2.4925563589961675,3.212581896825903,4.140852658128653,4.474303869796077,6.816387064465809,6.917070399176923,19.575565075424926,26.795306580105223,AT-PsM
1011,-14.797268158211649,14.797268158211649,-8.169342435926785,8.320394015034033,-4.235111443538391,4.815838779496637,2.963641844157723,3.8881660024749345,5.871285878886688,6.370075300220512,11.459479258572703,11.459479258572703,7.46721131079785,15.54917618776653,AU-APL
1147,-3.3779848573092477,3.399573678058173,-2.0918735614964477,2.2901005236099774,-1.2538222387124054,1.6303555557645542,1.2801895444818083,1.5136905690342144,2.3936027478130217,2.4194002349223753,4.420092107080436,4.420092107080436,4.14593055070816,12.029835055524863,AU-ASM
2593,-5.922916091364549,5.922916091364549,-2.9407669278790673,3.013793151354194,-1.4599635297647926,1.678277683717743,1.2452303348081897,1.6318478856164549,2.569611100049253,2.7337367972938686,5.283594092264845,5.283594092264845,0.6678405448631725,13.497010364745657,AU-Boy
572,-16.858235881894764,16.858235881894764,-9.763491406105825,10.191021730476365,-4.722198644692585,6.788700771046579,7.457184438506793,7.954784857671324,12.287903874967082,12.415200178798885,21.039229789425058,21.039229789425058,19.54248828474328,30.255774524009468,AU-Col
202,-9.552380020073933,9.552380020073933,-5.690926365951311,5.690926365951311,-3.7655919303616496,4.116205679541984,2.325419151160991,3.5443201483158004,4.509974887753219,4.509974887753219,8.84384485955879,8.84384485955879,0.9146787222639233,20.678305234025682,AU-Cow
2464,-6.026171384666888,6.026171384666888,-3.4760256464726913,3.5052409273205405,-1.8787332774287993,2.1759460546551104,1.3252242446590374,1.7362901664982084,2.7577205574464903,2.8663504569707587,5.693594517288238,5.693594517288238,5.159083785853749,15.255243112533805,AU-Cpr
2784,-3.498312646226636,3.498312646226636,-1.67321569399863,1.67321569399863,-0.6919941803173822,0.727524251352754,0.5653163418718452,0.6874668354915272,1.3760024827894408,1.3760024827894408,2.77579962865801,2.77579962865801,-7.148062320427563,15.536078011361807,AU-Cum
1874,-7.835304048670005,7.835304048670005,-4.6127048197679965,4.754488258832055,-2.589636788590951,3.1884641584680335,2.2484285204688486,3.0170852732911886,4.999837374484576,5.18488152676402,8.765060521651217,8.765060521651217,-2.9790998902397385,18.111470194492703,AU-DaS
2292,-7.51622783867723,7.51622783867723,-4.486688564131403,4.576766453123206,-2.7640734033618255,3.0537446735620644,2.374717230421518,3.0120462706397895,4.5128529733217295,4.859807503260724,8.439490759282258,8.456267979186789,-0.5391582227975024,13.293150717778737,AU-Dry
1278,-3.499346856919772,3.499346856919772,-1.782577313402173,1.845577682988345,-0.9719197177739105,1.145434817504829,1.0580008665170946,1.2640145387385588,2.1337217918168028,2.1745186784946546,3.551234954634188,3.551234954634188,4.533864350283377,12.531815020369255,AU-Fle
2114,-5.515467169493116,5.515467169493116,-2.745169052938567,2.941022839507461,-1.4324357822647742,1.880508639279872,1.6267936777572998,2.0955093523431545,3.6907064805999665,3.801739146679557,7.879539030223959,7.879539030223959,12.530372243702317,16.894361525546756,AU-GWW
2277,-2.5709645966656627,2.5709645966656627,-1.3924543597650614,1.4485383746756386,-0.8013574707955549,1.0190663203901982,0.7406483401680932,0.9401169534887347,1.5092990748941062,1.5490285492860816,2.587969093503719,2.587969093503719,-0.9086344018892004,8.67773238996169,AU-Gin
2635,-5.082023027769876,5.082023027769876,-2.993161232634006,3.053821817382425,-1.7730213418824896,2.0487784907939,1.402553588842819,1.6812872710288445,2.813789129159968,2.873650124884631,5.190577993490107,5.190577993490107,-1.4625107745739045,11.509999045617956,AU-How
1446,-9.439113542768975,9.5475485072606,-5.005079929058057,5.4319159630009075,-3.1371093236472465,3.782168563879554,1.4441067012476179,2.9768058984587054,2.971857561322748,4.043427951294275,6.579588256576803,6.719349930406356,3.6001046330367727,26.724958808860237,AU-Lon
347,-7.944749097187601,7.944749097187601,-3.7259567551490167,3.7259567551490167,-2.654718905267991,2.654718905267991,4.263584742774473,5.082822114594097,7.458288613523255,7.458288613523255,16.96701884845801,16.96701884845801,33.350115968005575,65.16663116950083,AU-MvA
322,-4.202092106551427,4.202092106551427,-1.7443139956944687,1.7443139956944687,-0.29126277019438895,0.29126277019438895,2.6658238332933797,2.6658238332933797,4.883838616184396,4.883838616184396,10.90190906507655,10.90190906507655,3.009299929203932,18.356945780387775,AU-MvB
1790,-14.370361074258673,14.370361074258673,-8.85245275086472,9.178912128932879,-5.492024869654476,6.738142599731035,2.4096858752091848,4.686380250670377,5.373147459657042,6.854634569700749,13.278485672081477,13.345339807424672,-23.192162667697858,70.89827786706353,AU-Rgf
1631,-5.067443844534414,5.067443844534414,-2.9058286581139456,2.919332788690658,-1.5127328888299865,2.052611243479947,1.5362375538518058,1.886981192845598,2.8635005876586885,2.8635005876586885,4.8693205576607035,4.8693205576607035,19.990903405537562,26.15057171031337,AU-Sil
392,-11.840889416184034,11.840889416184034,-7.75326987953833,7.945149045979123,-5.407568815047767,5.705201707653998,1.1756478648037287,2.7151422061567,3.13561804438305,4.33119961810322,6.651494181597039,7.3032277295943135,7.446283929802083,16.040276339525462,AU-Sno
1639,-13.531396217062703,13.531396217062703,-7.923117224271572,8.004743408110972,-4.405439341722111,5.313142692463865,2.837747893844628,3.621352712418731,5.298861562192856,5.438833378341878,9.958041561534323,10.02248181119798,-8.89040568817301,29.430300998928445,AU-Stp
616,-6.528148135662848,6.528148135662848,-3.768223319982398,3.768223319982398,-2.4618866365747776,2.6618294487546557,1.7510085206985297,2.0002035374744045,3.5834831854006195,3.5834831854006195,6.966637920328967,6.966637920328967,2.870306709025385,20.43839291411431,AU-Wel
330,-5.979702059310743,5.979702059310743,-2.8231871592258337,3.0887278587796465,-1.2897294072771321,1.834185560000949,1.8484264121887888,2.1547217805197163,3.241550437208782,3.3159798009666437,7.506397638516052,7.506397638516052,6.343295365055646,16.651488744092326,AU-Wgt
281,-4.488834587722103,4.650295195741128,-2.702052884935102,3.437796206012727,-1.8460911750546298,2.881650529292766,0.19189783806575764,2.208245981830895,1.4441717589313616,2.275098412253105,8.107014563421561,8.27870562284466,12.304760736029015,15.869063663567628,AU-Whr
1424,-8.291062844976542,8.291062844976542,-4.5204606410272685,4.604592893756857,-2.612216978017153,3.135875228636412,2.5942931028089102,3.207795089147594,5.087206289385865,5.201937725109537,10.179365674704172,10.179365674704172,3.507153564680727,14.887732165017882,AU-Wom
943,-9.723700195979319,9.723700195979319,-4.67320970396481,4.9519779383796205,-2.1888609369624077,2.916472627237863,3.18053848000523,3.6040599786316854,4.7516415122520295,4.8192822375796505,7.839529050775301,7.839529050775301,1.7122229401353994,19.117982191981522,AU-Wrr
852,-6.655338631016084,6.655338631016084,-3.8126909861073925,3.8126909861073925,-1.8183293557096514,2.124078766855378,0.6219878204757648,1.0983400670232533,1.6517802500025789,1.87832519156335,4.164936638951438,4.164936638951438,-4.999802750631706,19.138518380845134,AU-Ya1
828,-5.820911212625321,5.820911212625321,-3.290777916213504,3.290777916213504,-1.1384664676578615,1.1384664676578615,1.539476853978675,1.539476853978675,2.7971487855298305,2.7971487855298305,5.137546095329066,5.137546095329066,-4.817464465912703,20.75303719424153,AU-Ya2
2244,-14.623825569555857,14.623825569555857,-8.810855969278435,9.078321318148479,-5.174931514158953,6.158300590591004,2.7211512799983497,3.6996193807221474,5.4400989684930146,5.668173595525381,12.414049750428472,12.414049750428472,4.209825712678134,45.4467989792476,AU-Ync
1388,-4.7451964506431805,4.782727290121871,-2.7950135632303077,2.943915463397463,-1.788343208515836,2.0450951694515087,1.8699562088851165,2.274039773440599,3.232909914222561,3.369933702979161,5.253029570379942,5.253029570379942,9.510234555407541,17.352501953710224,BE-Bra
969,-4.391560442106559,4.391560442106559,-2.2576969034227816,2.286186263250078,-1.2144620838590348,1.4334979658868505,0.9950329910528583,1.4039671696269131,2.173726559953327,2.3405399388920016,4.298782508783172,4.298782508783172,5.172080246077645,12.974798603475548,BE-Dor
1635,-10.626392126373993,10.66177909298268,-4.923238364115022,5.343301078400444,-2.6144896193245204,3.7080104467574024,1.8805582496342417,3.187874452293656,4.745613729997373,5.630840118483758,10.765009111471947,10.97585738866506,1.1223020173023552,21.79537107033498,BE-Lon
1454,-3.2555355256139924,3.2555355256139924,-1.889795213983858,1.9992360756463161,-1.032641238150664,1.3232673556089893,1.2700479040572716,1.433562463739395,2.321241554949447,2.419842353794089,4.541684668310166,4.541684668310166,2.323945123136032,9.793367331455759,BE-Maa
1616,-12.81781634655593,12.81781634655593,-6.679372642445894,6.870771896369298,-3.6433372874653953,4.291634173691795,2.080815536884668,3.0156458220226035,4.391555104887324,4.725981230880896,9.22931385561538,9.22931385561538,-1.5345679579850282,20.109467154038498,BE-Vie
347,-2.278821249010945,2.278821249010945,-1.5669613089640864,1.571718530777622,-0.8359995871606993,1.0453000300716144,0.7321374303923677,0.853107917371734,1.6237746039255714,1.6353905218880294,2.4890445587314654,2.4890445587314654,-8.28725374328815,11.093134044711537,BJ-Db1
1485,-9.151149034067974,9.184928082683648,-5.333400921798339,5.6962596569020025,-2.9624250049072387,3.8910708106550063,3.921830503509095,4.600623197774506,7.359626901977877,7.49360067147333,14.013706372756815,14.031057337670298,-14.9408732565191,26.215127117282165,CA-DB2
1667,-14.089824923772987,14.089824923772987,-7.972082059592638,8.416219417629865,-4.848283217098496,6.180722674652366,4.047566659332307,5.9349280040275785,8.299157439526594,9.045758992028565,15.17886090997515,15.179147015912864,-18.587711183164622,31.605494539879214,CA-DBB
980,-6.35625341826182,6.35625341826182,-3.4810669871678206,3.571567205033248,-1.6924939678225812,2.3540655785913738,2.778932021140877,4.032485532266693,4.919377007112695,5.73924709875607,9.261945053738003,9.285431653722675,-0.4602976136697783,24.87824427402949,CA-DSM
785,-6.534931665696547,6.985499411388062,-3.9153039233068325,4.489797701425109,-2.036523626856402,3.403526253330642,2.1594308554765136,3.141839702352041,4.138583085682054,4.960376589649857,8.1255028157683,8.348319924278263,-1.4498274870615468,23.391873731917464,CA-RBM
1665,-9.91490885738281,9.91490885738281,-3.8334757660847387,3.902891563116558,-2.2070004229551063,2.4601538339544904,1.6036083634193348,2.100668134465641,3.2417648062495066,3.307409657106862,8.026475733048715,8.026475733048715,-0.8268240064851767,16.597376300540684,CA-TP3
1171,-14.825109606953319,14.825109606953319,-7.639726860296525,8.088943113701214,-3.4859081801482104,4.999841346146936,2.1661983311741198,3.1648295616523843,5.091799722855557,5.26144915490853,11.043035576866165,11.043035576866165,8.232656933448636,74.70151763097132,CA-TPA
1402,-19.559448615721664,19.559448615721664,-9.403833704662606,10.299425347399119,-5.255580654870611,6.611704899748933,5.637901559866034,6.9331422782280505,10.389246012040584,10.903841185469874,19.116314317668994,19.36974826832681,4.948256086551354,55.15138607015664,CA-TPD
2161,-15.228551520957923,15.588753649341019,-8.888155323560792,9.455095779550453,-5.123203194245382,7.125938892906143,4.006517136577886,6.2578633136861725,7.223517754486671,8.042834476378511,12.754106809671056,12.920658403545806,16.022491670498646,29.281048012777283,CH-Cha
2275,-21.493722106954525,21.875577982739898,-13.666803619732097,14.294709795204245,-8.41196282063682,10.055021992323281,5.79884312717638,7.885509255483971,10.653699385171901,11.696936762204597,18.87542060662674,18.929871540047486,14.529390924389594,40.392506908610684,CH-Dav
617,-30.49887234115734,30.49887234115734,-16.30065257879451,16.598383729894064,-10.281080940054823,12.351905819274247,5.33537742613008,8.159375890567112,11.201800371359402,12.86338440001355,24.108259520024237,24.55895934755726,7.945391482300663,25.188368778994853,CL-ACF
768,-12.480897262232869,12.502173801975736,-7.3528415501102256,7.521749353570485,-3.9724334930986185,5.037500945276733,2.1086311715577093,3.5935456771636445,4.089636020249569,4.828738062394654,8.010905296206698,8.037350817401514,-5.18557800806583,13.546089093131073,CL-SDF
852,-6.388449291644754,6.388449291644754,-3.9748485430049625,4.12718335344945,-2.1420482320472565,2.499970637170593,1.3548865346536365,2.2106472764707554,3.1964207787043404,3.418693053556912,6.177309003742359,6.222745516843606,-12.5444480730824,17.510649892644455,CL-SDP
1721,-20.91456459105075,20.91456459105075,-13.54443087527278,13.748825246080035,-8.595836120313265,9.338249649289821,5.070568500188843,6.825892315848768,11.64505388433577,12.458322301906339,20.394386120479894,20.394386120479894,-24.417376142804827,38.39188624006692,CN-Aro
653,-15.412709282361236,17.75290700606109,-8.7464318739195,11.254390944166117,-4.920775371463657,7.806542698164627,3.3194136098383558,4.106563441442586,6.892862328147503,6.900024286600442,11.93483032693135,11.93483032693135,26.145733964979236,30.774363195349896,CN-Ash
581,-14.954911317040313,14.954911317040313,-8.583772482519931,8.808993713537399,-5.224367932053111,6.135783493009868,3.947729717204154,4.978336534238776,7.70732806368636,7.986612043584179,12.283046991448973,12.283046991448973,7.055469504119244,18.22074670631102,CN-BeO
1784,-14.910380303347974,14.957090040026308,-8.189213952419205,8.879734862645849,-4.93745661730982,6.176928788502522,3.4001779873625955,5.286444430592223,9.018544927228987,9.27829497629082,18.636059755809313,18.642348041544686,-7.487213120512078,27.044618145888506,CN-Dmn
1313,-15.37422469273173,15.37422469273173,-9.587316432701734,9.684533829780184,-5.776057568254132,6.59966242135953,2.1701047072305366,3.7864093044652565,5.716317710150834,6.116200053754096,12.696985506602879,12.696985506602879,-24.275435036311876,39.24330340259544,CN-Dsh
542,-14.31737485042967,14.31737485042967,-8.607985298825412,8.89814059472539,-4.777051452784397,6.119988591830183,4.87024047106701,5.889862343341128,8.173225507836513,9.40121220826363,14.582457795677948,14.582457795677948,14.904947173664683,37.387500724165676,CN-Du2
511,-10.669355748617859,10.669355748617859,-6.3409989790449774,6.393030996353061,-3.813327806771293,4.421736793236578,1.8520468741933829,3.198172809576468,3.565198614651159,4.551081212597213,7.704475591758182,7.807278593307456,-7.107804583437701,20.59897214632429,CN-Dzo
439,-49.396977947886164,49.396977947886164,-20.140095432614885,20.683545340198258,-15.222515927836753,16.17098041908404,7.350275974057853,11.040963967526576,17.91806411201762,19.240744435260932,31.563019237097315,31.563019237097315,-0.554788721121434,99.86973746055192,CN-Erg
725,-12.149552117068891,12.149552117068891,-7.348990507552978,7.5147232795532855,-4.065497335535399,5.0126818792847185,5.420861366966108,6.469210594304496,8.731553914818392,9.303706369197554,16.262675594740823,16.31654385907644,-10.357589224807786,18.224893779492103,CN-HeM
788,-19.861501829788462,19.861501829788462,-9.717781688518695,9.89793074283737,-6.239198359134787,6.55547373525631,4.707356417398634,6.096187664766841,9.20729016657707,10.155054808835773,22.16163162831419,23.51126894012794,-4.2496692213030025,48.337995641219194,CN-Huz
708,-16.05917499018014,16.05917499018014,-7.932416362421764,8.204521327920268,-3.9532761507145695,5.173099108105001,5.724386020959255,6.875766316254951,12.330053788144978,12.361396126851638,21.81967245762993,21.81967245762993,-15.294386891452447,37.06071859513819,CN-Jng
538,-15.493075585837904,15.493075585837904,-9.917648208961584,9.917648208961584,-7.304350773830867,7.536354251258249,1.3463342874803517,3.3366757558761986,3.341436569187589,5.130039860871,8.670990389066574,8.902356711820286,1.3054852725105919,16.897110836119204,CN-Lch
535,-10.223752151463003,10.223752151463003,-5.496768546385449,5.561173713441848,-3.248310882376078,3.561654546876213,2.0699326563005656,2.8681024476620602,4.240158618695525,4.272086098774047,8.419226376972858,8.419226376972858,-2.3075189543325316,19.19264519931927,CN-Nmn
1036,-5.173959338630176,5.173959338630176,-2.5067030662393046,2.5893312100375825,-1.250182109948544,1.4981017736292594,1.599760635273884,1.9000326847912632,2.8670835201272373,2.8998406901810467,5.566200231825233,5.566200231825233,6.087100191720774,15.186290565476275,CN-Sb1
1086,-7.193947082919253,7.193947082919253,-3.4870301151296133,3.5428325520200183,-1.8989511992639136,2.173567764175014,1.7101795864202936,2.4324638514761894,3.730942590562325,4.08910735900013,7.725416179953035,7.785485731802247,8.84030619113736,19.242086182505233,CN-Sb2
1010,-6.924757520090105,6.924757520090105,-4.13786102770684,4.29705373891934,-2.3951680963357647,2.936813262849081,2.4957450100572456,3.3159306530783064,4.913005555947686,5.118736469718573,9.503808198491413,9.503808198491413,-1.8057664499674662,12.536438799753778,CN-Sdq
168,-22.77072028653553,22.77072028653553,-10.320605762353246,10.320605762353246,-3.5775021874940096,3.6878945785111537,1.0538306053216848,1.1054507899218635,3.6208147891089673,3.6208147891089673,6.807140365831598,6.807140365831598,-28.83434666836883,87.3289406214856,CN-SnB
228,-15.642831336863598,15.642831336863598,-8.945208706898818,9.324828720046495,-4.7532820223366805,5.81160970546282,11.306066521637966,12.729674273445793,19.750618801741695,19.750618801741695,33.63207184594965,33.63207184594965,-25.846607618032365,37.482275198011834,CN-Wnb
777,-19.065517103490976,19.156720339898552,-11.879761645347008,12.397882849575037,-7.496165943734692,9.711478781669753,7.171589686837468,9.259872031867948,12.385411281573326,13.533138607153578,21.226286791450278,21.348294622512682,17.632738073343877,43.18940926932735,CN-Xi2
452,-14.494470696013671,14.494470696013671,-8.026939585561827,8.461692213231707,-3.7425649094328457,4.415046292190123,2.49780105549337,2.9961361249704734,5.161484877462341,5.230090193231261,9.462937805055207,9.595495093590204,4.879166729299789,29.072083942060775,CN-YaS
154,-5.185874446718925,5.185874446718925,-3.0438493673770317,3.055457989611961,-1.827028493136508,2.0479549133079944,1.1634091283016632,1.5558187834579966,2.3017228872962665,2.3017228872962665,5.145434549172945,5.145434549172945,-3.8136575592770776,14.183145491961628,CN-Yan
713,-24.599684557631104,24.599684557631104,-12.175026507317957,12.615538268283965,-6.010110466204842,7.710054219278768,10.94023023012811,12.035077685635315,18.501142788403705,18.501142788403705,30.993195955220642,30.993195955220642,-8.30489550079415,49.874319706943666,CN-You
564,-9.179789359357144,9.202880247964643,-4.549077030483771,5.746227165839617,-3.034200610760541,4.25610900840127,6.2052952866038815,6.9774801508424,9.615792217849606,9.93821466618612,13.866092460176258,13.866092460176258,18.12830025520143,32.993263795149645,CN-Yuc
564,-22.57248577842789,22.987192656551684,-14.910175989930966,15.57431563920828,-9.146606635186261,10.245518215019374,9.2194872364349,12.429733155603689,14.74151686288514,16.485745506154206,26.014565590064986,26.398634835027323,1.7199487485446041,19.006170950923387,CN-Zha
272,-3.2125489530496703,3.2125489530496703,-1.9190384201783623,1.9640844564829179,-1.0901374301724616,1.4023348637705988,0.9470555275782871,1.3862175718988783,1.7455778192802873,2.041322559892364,3.8381491342978142,3.8381491342978142,5.215973374948386,10.558333411419671,CR-Fsc
1725,-13.331934839892718,13.372139903321086,-7.354502577850322,7.596997157872414,-4.283234395857849,5.10530992814196,2.758401411969298,4.245626676273957,5.554288380560782,6.024224501262391,11.092617122141677,11.486018896278942,4.5065759453238226,22.708953054058277,CZ-BK1
1734,-13.904972793498182,13.904972793498182,-5.68271702396868,5.934114289504177,-2.8612453497314054,3.6046792282813205,1.6775856154354583,2.7532022925722264,4.355928332401014,5.1023873148982055,11.495831232025857,11.801939634114138,2.0304557351127768,22.97510938118041,CZ-KrP
1810,-8.065196118781834,8.065196118781834,-4.104281830638989,4.216460386107273,-2.510865126811245,2.7710625526146475,1.414337250751687,1.9646090404915209,2.6299808471355757,2.9098466750190912,4.799165029850702,4.866838223334568,5.457850451787367,14.369288248279373,CZ-LnG
1361,-9.534818240730146,9.534818240730146,-5.081940285306341,5.2245918481018885,-2.9476346656289887,3.5021744850748946,3.3128536642431974,4.014267291336788,5.488180444830741,5.788955228590314,9.610525800091423,9.62160894620979,-1.6280567126131678,19.443064529808762,CZ-Lnz
1861,-14.866928506643921,14.983324681241672,-8.28557622614158,8.818086594673533,-4.050215690699964,5.439556272332702,3.458340527663969,4.818424347348439,6.934472273529911,7.519652710305934,15.055556064708462,15.061674633512606,3.8099396725078956,19.79106188358947,CZ-RAJ
1177,-42.454286034193544,42.454286034193544,-18.260222941011428,19.64270613670484,-9.949568366765698,12.629744975192247,6.831958948268074,9.460692280340568,13.836088217545258,14.815326419406418,29.689293401931057,29.689293401931057,1.734959359563135,24.446503193807565,CZ-Stn
2169,-10.61339994445668,10.61339994445668,-5.883245853651372,6.0227589281960485,-3.3746978783610198,4.023443096496054,2.678606576624906,3.644257532283672,5.169262610892108,5.645061640385142,9.832669776988045,9.84833259512628,1.9996870417915171,36.49169764560098,CZ-wet
838,-13.975557668016613,13.975557668016613,-7.839998900902634,7.93598982983877,-3.4344166692935683,4.141029681280387,3.0265696395329127,4.302336370553196,7.849023159147439,8.136074459916927,18.391108771280116,18.445442538856256,-7.4519209742016415,29.842677127351855,DE-Geb
1819,-2.736882500697736,2.736882500697736,-1.5646050932989226,1.5646050932989226,-0.7727706072161827,0.9950995889977844,0.7955855370407022,0.8523750152502085,1.9670309811328073,1.9670309811328073,3.1371570047313124,3.1371570047313124,10.754521604543008,18.116596633279254,DE-Gri
1149,-16.582232418909413,16.76827973314889,-8.544809676497508,9.403689779975622,-5.126583108754623,6.742508548197371,6.198605656128194,7.874599693310522,10.563355897577958,11.181117745460753,20.51871487180616,20.712469093979575,-1.3899406454490604,20.24965627035242,DE-Hai
692,-23.686130072222316,23.686130072222316,-13.853404689495168,14.344939391199635,-8.6924984045406,10.704461373840141,5.31532053244207,9.452195481145612,11.590992933779457,12.882281757697893,19.816689501197935,19.816689501197935,-7.87247103507816,35.08349509033674,DE-Hzd
1513,-11.129475405564646,11.139019009464972,-5.214689146105456,5.502217273337279,-2.5851423224622296,3.610308582788109,1.6492930930611949,2.6120372672850234,3.953120957710167,4.0918609171571365,10.185624622110524,10.189104071511437,16.940369239562614,29.691959898437993,DE-Kli
1077,-16.000241500060376,16.000241500060376,-7.634481995277451,7.824369454058957,-4.244501652910331,4.914091215100215,2.058754988493695,3.8166566267768367,4.473115186621571,4.984396176154458,9.912690068340313,9.912690068340313,-0.18059648709184117,24.678373473415352,DE-Msr
1180,-21.26888768723761,21.26888768723761,-8.84489215586056,9.021276330860019,-5.011906425777997,5.885805019262108,2.9046852732894237,4.332756603261615,7.400631130970947,7.798041699727603,15.521574356843354,15.521574356843354,3.643452817739865,18.1977512333355,DE-Obe
1138,-17.0056241157299,17.0056241157299,-8.747791447595286,8.82085480337054,-4.776378322219529,5.4289159012933474,2.4813773418735687,4.065811683140482,5.268906997636911,5.525536047737598,11.025602998180167,11.025602998180167,-17.70524898994972,31.618111740065032,DE-Rns
488,-9.287026238049014,9.287026238049014,-4.214866710950137,4.376336991943055,-2.5204549484509875,3.3592719346882607,1.8230421124763319,2.3631605594968645,4.043940165524125,4.165362897887276,8.483268027160602,8.483268027160602,0.6466611004296536,16.052411093150322,DE-RuM
2146,-7.881445074329552,7.894214586596364,-3.3839182177863183,3.6359780845156586,-1.6664950105282343,2.082006510548779,1.0857215846829236,1.6991783836767935,2.461198339649894,2.6811301929649507,4.997739295333773,4.997739295333773,-0.42261010321077663,16.841235335177167,DE-RuR
2340,-10.745104756111783,10.745104756111783,-5.414436543466299,5.812966914564091,-2.970368852615493,3.745091007244853,2.074009299237474,3.0263333555837324,4.776763231075791,5.378928703846152,11.231058950262526,11.257037547665707,-0.6191316687892763,28.420310828560424,DE-RuS
1896,-8.23261120222873,8.234221328481286,-4.087764607945709,4.268915349335282,-2.2852137223321476,2.9181896213718526,1.8816542821885447,2.459261705100398,3.921591926297354,4.249912372940765,7.8459058479357635,7.9791511039176575,4.917843507108229,14.45686489479698,DE-Tha
1041,-6.141244163981682,6.141244163981682,-3.741931029721426,3.8418752836686867,-1.9657523764177758,2.3732820659374787,1.5521672336334804,1.9216812821288176,3.2060744688376888,3.251768601326758,6.761786135419941,6.761786135419941,4.786799743145536,14.642405005229076,ES-Abr
205,-4.374757033075319,4.374757033075319,-1.932437620237888,1.977635819851283,-1.0505392733736958,1.2396919348862605,1.170751556891668,1.170751556891668,2.3322548430818353,2.3322548430818353,3.937309031984574,3.937309031984574,9.129713729908264,16.656659312424942,ES-HdD
2274,-4.349849806433669,4.349849806433669,-2.2919620371030875,2.502217516273598,-1.2072031751238037,1.565450845007708,1.2065001774553892,1.476067355508848,2.4957930504645605,2.6328840027072413,4.775682852428135,4.821857658339784,3.7618701626028015,12.523182032941431,ES-LM1
2298,-4.020949031358244,4.0580482353334935,-2.321577218425948,2.493112904593672,-1.3447489149623064,1.8010296377159576,1.5781994669685004,2.020051920728446,2.776786316393671,3.0090803935081754,5.187657747558263,5.187657747558263,8.58173506082333,15.559519482167047,ES-LM2
1171,-10.672532761174459,10.672532761174459,-5.661343938313017,5.80251058993698,-3.214917114927482,3.7522664330045994,2.774974046931356,3.495468859214384,6.266042654146535,6.624196501137002,13.844891653702074,14.01221715145336,2.458289051456415,21.10022987693635,ES-Pzb
948,-4.246018363568103,4.246018363568103,-2.215458673359462,2.4190336742651017,-1.2614446605088272,1.7395763034569194,1.5945351582698428,2.03891309563426,2.9457370820986237,2.9792644796665986,5.447422364413109,5.447422364413109,-2.11207072675013,12.84279805453317,ES-TzM
1930,-12.228848365499235,12.228848365499235,-6.610062864810697,6.840560084828943,-3.2540550907721615,4.115744048675264,2.2862455488263764,3.7109740401009432,5.327958573848411,6.225099823020495,11.33793198159019,11.500102816421968,8.649464844887554,26.9978423243183,FR-Aur
2256,-4.2999958825318,4.309118679573657,-2.3440158312624098,2.402155437509224,-1.316509039337661,1.4878116378829995,0.8562439617334392,1.1650641807241557,1.7371848914687922,1.9008004681029442,3.3568441904712722,3.3621677730764095,-0.8151117666801022,10.571140007550252,FR-Bil
1254,-29.533961589377313,29.548527836639238,-17.62791633104429,18.297264025506287,-11.497348808156074,12.69330794734329,6.949383000253384,10.565275908479146,13.49823604874919,15.324680487368564,26.775183017638554,28.040020704784624,-8.12045793711479,44.50368431116115,FR-CLt
1758,-15.649824032176976,15.664076436446535,-8.031367086485197,8.583694564854952,-4.650193902987132,5.892186045513632,3.101416741989463,4.783033496035786,6.611438606263652,7.218418556238823,13.440635129654826,13.635418304394658,4.164499004233145,26.0669698119784,FR-EM2
1423,-13.337577195578673,13.390467843030947,-7.948785687516516,8.281737786733773,-4.120292464991779,5.6743827753089215,4.49114872091874,5.440858585948771,8.278045492561711,8.958017615127712,13.632678798148682,13.675787570623129,-8.523098516564621,31.43613500992719,FR-Fon
1463,-16.258491785683784,16.258491785683784,-6.980865736796614,8.041126076372292,-2.986675204828153,4.882671009394419,2.939160355105131,5.273634531907119,7.337148314612635,8.261496388335654,17.837776128774475,17.86768877187368,2.492250257628001,22.24637362056665,FR-Gri
1221,-16.07018450038479,16.07018450038479,-8.754405828807558,9.28147962699606,-4.892529685856009,6.558581941527232,2.1567434898697875,3.991333611557556,5.34165046339706,6.162425066277874,11.42251977367656,11.42251977367656,1.37448402016104,24.57301997183378,FR-Lam
570,-6.039984663042463,6.039984663042463,-2.6003138313657304,2.6865220971615313,-1.1169402094587966,1.3539964867526364,1.3057707111289323,1.6407921957981075,2.5866048653003175,2.6730519377915223,5.101636033004904,5.101636033004904,-3.0836437970340493,11.47344621376354,FR-Lqu
509,-2.0573815222388907,2.0573815222388907,-1.1424578281925515,1.1861582665510426,-0.6109128686932633,0.8751823636948751,0.957544243212103,1.0839395414304254,1.866816039611484,1.9765004078385822,3.2699988669197264,3.2810094567846892,0.7941811852105112,8.665368020535615,FR-Lus
1846,-4.595473158488506,4.595473158488506,-2.2753155210811893,2.348945986224731,-1.1643289357679798,1.3502646510302192,1.1299754900929067,1.4343731969371105,2.2016506209788016,2.309713057568124,4.640483775202885,4.640483775202885,2.484720525997039,11.487173801749229,FR-Mej
1505,-10.333088848984548,10.363156673585234,-5.112354305985336,5.332254141258319,-2.6487047457619597,3.214294964055396,2.3909504552958745,3.044439179189975,4.485077624909022,4.783070034526142,8.873613052283298,8.873613052283298,2.3636931636159533,13.028588868758098,FR-Pue
2330,-9.403429262629277,9.428366998930304,-4.543439704246047,4.790269082443911,-2.367443023895498,3.1235107613290936,2.2589470813918604,3.119074071347474,4.40785397297879,4.690035048815821,9.080788860063588,9.080788860063588,-5.99033778281143,17.60121956517737,FR-Tou
219,-9.717599944762831,9.717599944762831,-5.8541367012787555,5.9098496741111886,-3.491918998339073,3.584888387067236,1.1358934447224747,1.8751534495457804,2.4828551206853158,2.8395861666298754,4.949320681475104,5.2003288180421094,-3.859918389031954,10.020225416537357,ID-JOP
2145,-8.66578514528977,8.66578514528977,-4.22566560446938,4.347413906464547,-1.8149425083083073,2.3776007507651684,2.5397694887150024,3.1884663039379415,5.142694141458048,5.380614706049453,9.978131560531851,9.978131560531851,-4.7838014698479805,23.249325508970532,IL-Yat
1231,-6.072618677319603,6.125096630114242,-3.2026493415549835,3.3664246808437936,-1.8264371649180526,2.175380025571818,1.3873860758010115,1.9170935345484863,2.573064729100912,2.71528558084124,5.098735214636963,5.18164840198739,2.44411595445774,14.191849953598549,IT-Arz
1420,-7.731849631191608,7.731849631191608,-3.532979373547912,3.7100800259763123,-1.808031439680953,2.553914788566429,2.0161419210484253,2.364454338852559,3.731847348868621,3.8732172881188807,7.222188918178444,7.265996932745191,4.11912625778708,19.002978461569874,IT-BCi
1708,-13.028566922057701,13.028566922057701,-7.381642592919206,8.144403714312103,-4.556873675740922,6.3417500474327095,4.652721207908906,6.51980308240359,8.083152542535945,8.91512968783204,13.843921813890478,14.058108719588612,10.766285596219717,27.5570026714028,IT-BFt
1055,-25.974054123483747,26.63815863386136,-15.819934208503698,17.230482308449453,-10.136609689415975,13.41549450572456,12.825140751964593,14.667545181591807,20.16627864512006,20.851294872833385,31.75164625392013,31.75164625392013,17.543508491003326,26.91318518029776,IT-BsB
1440,-3.642190574430437,3.642190574430437,-1.8785166186675935,2.0119293747775977,-1.0695219919127745,1.3006965918051798,0.5775714582217396,0.9289213258104136,1.373992415283381,1.4992703089335844,3.061271692573327,3.07379293104367,1.556153190750332,15.941208211561285,IT-Cp2
1978,-5.295294902484003,5.295294902484003,-2.650562346139189,2.7891092284760144,-1.5702096905855012,1.8618771544970256,1.3803809470619106,1.7441112506509018,2.55811943652234,2.7008847082948253,4.543641984074814,4.546306954866057,-0.23390220465091222,13.281043743033687,IT-Lsn
1224,-9.69778842404322,9.69778842404322,-5.479906910620567,5.607712179446788,-3.534476665755043,3.800103153551424,1.4600807753990848,2.5103044650334914,3.0271144764659157,3.4505216749789343,6.378141072036118,6.441285919093337,1.39908048578965,16.905473384650787,IT-MBo
1246,-22.047692483727097,22.34720188970106,-10.463907209944868,11.683879343834256,-6.288367674069227,8.385332700452672,4.578997287570704,7.4185373202250355,9.734330691597178,11.413681335754594,22.056023893770984,22.49671334174778,-8.321639435456916,38.74883455800486,IT-NiG
640,-11.730480198614094,11.819783189196404,-7.318922601138901,7.811399270579025,-4.074371890456129,4.877081006096358,5.223128341486492,6.7944638698523185,9.014354703594709,9.382248398392477,16.966150284818408,16.966150284818408,22.183138753679472,33.38604395321509,IT-Noe
1147,-16.5508078854307,16.56158235274913,-9.282625034228676,9.623094045311529,-4.81982967746741,6.187097756912365,3.8029326227106446,5.246861337373717,7.602490804982498,8.228200595684903,14.950080583445297,15.183190411288033,-3.3213922427137286,22.7511559213696,IT-Ren
1527,-8.339259783296722,8.355449742475844,-4.436806550318266,4.697289861760941,-2.550678289575485,2.921241818376907,1.8249722418491938,2.2582839723818533,3.3799537101302306,3.5132370090876908,6.2010545954218985,6.21490049460607,3.823546493580363,13.727048305185274,IT-SR2
1729,-14.487306609895162,14.487306609895162,-8.266771486024348,8.63311451495259,-5.3822810712139155,6.456363434043429,3.673754858841406,5.064594359623556,8.264659700037907,9.316112689748001,21.410299986065354,21.48661792268041,-13.027808106241235,34.49518637373487,IT-Tor
1181,-7.1916846772576415,7.1916846772576415,-3.483253116940721,3.795160105569164,-1.7251726525218387,2.4616141194470305,2.169745555942841,2.787241820138997,4.987721068362245,5.1951968050176305,11.574468737542542,11.574468737542542,-9.69119217665396,24.107012788517803,IT-TrF
912,-25.64953187581316,25.64953187581316,-10.144276673575499,10.3509515697543,-5.010982365966221,5.588497516380571,4.867177570558338,6.480412823447024,9.698706437685342,10.317369426923051,18.966324636249226,18.966324636249226,0.4114000433111462,23.22504766333604,JP-Api
1795,-10.621495542725956,10.621495542725956,-4.984052866962358,5.260590349588169,-2.785451319627453,3.5996611383918755,1.4655819490041224,2.2792701934537427,3.2403824145723044,3.476073988197991,7.00922516745241,7.00922516745241,-2.9939057136852867,26.947391213881044,JP-Fhk
892,-5.754941255292601,5.754941255292601,-3.0504199183800402,3.0989378563712138,-1.712693121587412,1.9788264336900765,1.3283353845966552,1.4733232364638953,2.4185408881991526,2.4390000020683944,4.4213888992587735,4.4213888992587735,6.82809176672302,15.980622193325631,JP-Fjy
429,-4.085188863923464,4.085188863923464,-1.9939070721990644,2.052805695895282,-1.096932147496745,1.1071935528183423,0.31351879768230473,0.7478795182318431,0.6800662169737602,0.9008323015090075,1.8881353816572441,1.8881353816572441,-1.060950455005066,15.343427196830337,JP-Om2
202,-17.63735084897383,17.63735084897383,-11.83654400970428,13.18461856943309,-5.857662433738707,10.843945056108627,1.7394430463759367,5.423139158576061,4.092045101178194,6.210854385807185,9.021732027330218,9.319318415804727,-17.12250814116442,39.55566253899106,JP-Spp
1632,-6.77906511926545,6.77906511926545,-4.016610009993303,4.148951915239068,-2.0967390529865746,2.6342651823477103,1.8183588040336236,2.6411215422910486,3.7210082666476865,3.991092954281345,7.184225816730085,7.184225816730085,14.516327222070457,29.01250540203508,JP-Tmd
941,-4.498566268200952,4.498566268200952,-1.7955115633545862,1.842298854750369,-0.8407453093553093,1.1790770869189056,1.3680547767495899,1.7155767074957184,2.6018654884634236,2.696490142339313,5.252856644380363,5.252856644380363,1.82417021470292,16.21334509541419,JP-Ynf
376,-5.137064625138608,5.137064625138608,-3.174533441125706,3.3604396158558525,-2.369535349737275,3.2436941325084607,3.6857821043199026,4.182840258926783,6.599122207712066,6.599122207712066,9.117202157357786,9.117202157357786,17.061868238871774,27.30295168361443,KE-Aq2
411,-8.439828726788413,8.439828726788413,-5.088265484147444,5.088265484147444,-3.297013053916667,3.4013810542696006,1.6550267034450499,2.1798297155273745,2.571547828611875,2.829806729314503,5.51555816762988,5.51555816762988,-7.407613890581119,23.610932141743728,KE-Chk
1007,-4.305676471605063,4.3238046766760085,-2.425263828667797,2.5404980197941165,-1.5408496576418724,1.9393999808713691,1.1551259227154673,1.54139111839331,2.1713682582100504,2.3070006798195943,3.766473485839335,3.7970690050088836,-3.93948862156955,13.116337704575628,KE-Kpt
774,-4.187269452026026,4.187269452026026,-2.1025693183219563,2.170843862831074,-0.9187484938037556,1.342392545877874,1.4303310351918863,1.8413836091142497,2.3673697441674255,2.6005431350844157,4.0248692159644985,4.0713881853476845,-4.310760033323687,9.51404125252454,KE-Mkt
263,-11.489999250162015,11.489999250162015,-6.188021889428089,6.411818639225462,-3.3515899952113353,3.920110171033123,2.6984886029358433,3.513655083002682,4.860864003459241,5.185025356882265,9.559934496828875,9.559934496828875,0.056748937120317,14.096389937795308,KR-AdC
1413,-21.292095682083417,21.318807696348287,-9.292288642104213,10.872141663660695,-4.95104054920264,8.483489997082252,7.35811681967954,13.25212072238339,15.956266918972911,18.518169891574846,34.24859311201735,34.39632565474126,-7.740657648947249,106.97444882114175,KR-CRK
440,-8.173718176577546,8.173718176577546,-5.187335871085094,5.213820492754573,-3.078970424768781,3.415922369825812,2.13146283965773,2.74452476682851,3.9307004470938898,4.498055108844404,7.953188178700168,8.108622790981114,-11.586211110684115,34.13245786450861,KR-CmF
642,-6.804104461298948,6.804104461298948,-4.0284486417492715,4.092722091170314,-2.415774125564452,2.6881759800511773,2.0952003549332034,2.376489308096889,4.196902914696803,4.29694006156952,7.5068024212475954,7.520855667306255,-1.9261272148281083,25.571889574866503,KR-GmR
644,-5.513994133678427,5.525004012802569,-3.6275201685575382,3.8801945054727716,-2.22684630783558,2.8591589622249973,2.548739830275778,2.9150631330905235,4.383303532873558,4.495119193056977,7.900824334203492,7.976838409613931,3.092276680615404,16.110006995810195,KR-GmS
279,-9.215379548822646,9.794072667826821,-5.012398258030628,6.1535081125464,-2.630234535258293,3.733233767829635,3.0079347597801362,5.626662298866701,5.929093447520092,7.178955297715412,13.590454243481146,13.590454243481146,3.652521323460501,29.481726880661363,KR-HPK
291,-10.501495561559233,10.501495561559233,-4.2817958945895,4.309323409894765,-2.159165199374229,2.8240042868375026,8.783285607166649,9.197058218214348,12.643557467088362,12.643557467088362,19.35326580819612,19.35326580819612,10.551298887232283,26.28582926503006,KR-HcM
656,-22.350362427116686,22.350362427116686,-13.109183213177115,13.120350020865207,-8.19035579744289,9.133231894694752,6.93706090630562,8.558536936084266,12.854433632335661,13.372032931194273,23.504938107359493,23.616032047173846,6.0131607308834285,46.25694285906454,KR-Hnm
324,-10.402015443340105,10.402015443340105,-5.6389301228312,5.689513295629565,-2.681348485130368,3.319906274111514,2.0854807337246077,3.5885250212563142,4.676136999115499,5.259116682575598,9.489402087141881,9.489402087141881,-3.9489058464144646,19.326580561161705,KR-JjM
886,-22.95746386561714,23.173839668213095,-17.555628742009304,18.559620106623797,-12.74966943101617,14.518309752852367,5.327837172728521,10.610670875571538,9.455733741245169,11.90349630277412,18.50271918576254,19.227730780755927,-1.3284978305811905,26.139437036022073,KR-Kw1
919,-26.65715583680691,26.65715583680691,-15.452678077918435,16.689716651809153,-8.962505508367503,11.657637632162368,8.481839517443476,12.41273986226921,18.19208542684493,18.613932661235342,34.952993651939806,34.952993651939806,5.839547334781347,45.25127963450235,KR-Kw2
493,-5.560988187209334,5.560988187209334,-3.169608863763688,3.227483254065086,-1.6899424950123187,2.065764332803143,1.8210703530695043,2.1314748923797473,2.8831767932840218,3.1099121212472065,4.267626725516242,4.267626725516242,4.780844315311755,17.74031171151897,KR-Nj1
442,-6.80585683333644,6.80585683333644,-4.617577841962566,4.848808352979656,-2.988965344852729,3.349917929613542,1.3368400096887334,1.944254303800383,2.98773142731056,3.1264958222691828,5.411220297770022,5.411220297770022,1.7052301631124869,24.787339983144797,KR-Nj2
245,-36.68110842953099,36.68110842953099,-17.58385571318596,18.25158221163189,-8.456995441375158,10.252689047837647,5.967424708735761,10.71114014201733,13.259928279191838,16.95124037639007,21.572995224091944,22.217120501193087,9.788179285791244,39.57517341993876,KR-PcD
254,-37.98119828127097,37.98119828127097,-25.84197867824693,26.089277895199352,-16.260218132366777,17.632375936430492,7.334128301513813,8.992554786883707,21.14077858375061,21.14077858375061,41.49593274648471,41.49593274648471,3.8632754805226455,30.569576039404357,KR-ScC
726,-18.283549107150115,18.283549107150115,-12.520232064451147,12.520232064451147,-8.707217802101283,8.96947119044731,2.7692228239721546,5.161974559332261,7.305894582571508,7.703346240565349,16.226715139562554,16.226715139562554,9.057381845605889,24.857016655407698,KR-SmM
235,-19.22398064834827,20.13982398473815,-10.062982980188952,11.878662364141327,-4.825734224488239,9.541051238978874,11.844583296664617,12.274113093428213,18.144082561383122,18.41197538857115,29.25000436704105,29.25000436704105,3.522305509060481,24.259866712744994,KR-TwB
709,-7.113040555425584,7.113040555425584,-4.585353033930966,4.630906462551045,-2.5795659313288453,2.9630258592558585,1.8493416792575001,2.284571003163975,3.1994111190709384,3.590720186979173,5.9097807925942645,6.103080194313075,0.21289439416323103,20.82606575752854,KR-UAO
309,-22.684858132528067,22.684858132528067,-11.029781553176127,11.88768734585468,-5.841812144614894,7.666879555308791,7.85132658273489,10.041143478176485,13.330101573897037,13.330101573897037,21.174671608803592,21.174671608803592,11.25304883877821,28.42506533571752,KR-WdE
492,-5.410565819861201,5.410565819861201,-3.0711565856495575,3.0957550644883236,-1.851359093147128,2.0391564537733133,0.9564155704514039,1.351396743617526,1.7731901876405525,1.9493757340867695,3.5855660589418097,3.6096593498811194,5.199963865973887,13.881543843324096,MN-Hst
614,-2.527976347221979,2.527976347221979,-1.2629944930353214,1.3593098330819853,-0.803063020089583,0.9036519758887291,0.6416472462866427,0.8340263024495347,1.0881837866072586,1.1114955399824407,1.7728472631445518,1.7950968870895847,-3.492341673184204,11.159843812064388,MN-Nkh
819,-6.244351942463546,6.244351942463546,-3.294454287907066,3.5116552071105263,-1.9883631633930847,2.2992308040517733,1.1126881259707482,1.3344226579520735,2.1276134950989642,2.166557167867349,4.149150429181113,4.149150429181113,2.3845852552073348,14.332758589175715,NZ-ADd
1417,-7.6988359487072735,7.781951368918991,-4.324691782833835,4.591068420425746,-2.7301466211256913,3.1864915259533957,1.9366197183098603,2.337185950243862,3.422660467153675,3.506681819963162,5.819976379281268,5.819976379281268,2.3501544076361585,13.614095243362327,NZ-ADw
701,-7.364558064315475,7.3852242636740435,-4.1196665031878315,4.4113570664871595,-2.552474976004405,3.2015551544244625,1.7917029146716432,2.5298463284082837,3.506218722402122,3.6571969307358287,6.287184579966601,6.287184579966601,5.813897199066681,16.50832318311002,NZ-Cla
2028,-7.071561259247522,7.071561259247522,-4.120682913295394,4.133876805509043,-1.9893493106860143,2.3833477378899834,1.6732100791991127,2.1188346906231676,3.308020805816983,3.321350167445512,7.177933528423997,7.177933528423997,-3.2226019010390843,14.989004888509331,NZ-Lau
279,-2.725347291454319,2.725347291454319,-1.5299546057424684,1.5299546057424684,-0.6783603885077796,1.0572041291891427,1.3879552206838248,1.3997242498530067,2.097919422849185,2.097919422849185,3.3311401521568618,3.3311401521568618,-3.7045869371806996,13.588145507000501,PR-xLA
731,-5.1899377685716495,5.1899377685716495,-3.0203747140941655,3.193528249887732,-1.6192178460941289,2.392254134362918,2.467481866379652,3.0673754791908063,4.8158132751807,4.974242570027819,7.910378162565522,7.910378162565522,-6.0679835428887525,13.82461954030314,SN-Dhr
2160,-4.299258060214591,4.311732223551249,-2.2920854733219787,2.4557515233615064,-1.162789889992772,1.59148497776616,1.3304641341098407,1.8837914697859217,2.681554831377831,3.008116348604569,5.37854985812602,5.3915130970772385,-5.822773618718978,10.773199033752713,SN-Nkr
308,-5.537971817804948,5.537971817804948,-3.3857862262151537,3.3857862262151537,-1.877382714864242,2.241434851724029,1.3412705744611917,2.679234369668034,2.6937090223797453,3.0604633661007865,4.345841769333492,4.345841769333492,9.964271810511214,32.57463818282389,US-A37
355,-5.211443362207034,5.243425764862374,-2.404617298855533,2.4649462281947048,-1.2845769198536134,1.4729035516735847,1.7419420853371508,1.8324653521751586,3.4590772409798047,3.4590772409798047,5.1752425093825005,5.1752425093825005,-3.552795921904227,21.54027990437049,US-A39
2139,-13.977986678633854,14.307104681228648,-5.973319578248237,7.305643209591492,-3.0276919636672006,4.4739788893988015,2.851987896244283,4.130047730888701,5.704829272053847,6.364088064451258,11.494691278084792,11.784853653913842,0.5208935383192747,13.5069662202875,US-Bi1
2143,-44.935120885645574,44.935120885645574,-22.59288812471336,24.515127436130868,-12.271845347234223,16.37994227996029,4.429996174247598,10.890785833611059,9.750897528580005,15.119829033735302,31.91096105300881,32.03775030752787,-6.441483229630436,47.966983664163564,US-Bi2
1294,-20.16697648103903,20.357825910137137,-10.461778604937933,11.271779978469414,-7.284674926172185,8.67933460045057,4.564706473590335,6.988958360876889,8.804799878610691,10.191637863323887,16.913059516385403,17.24541713974752,14.856478036700885,26.82943078685034,US-CGG
1187,-14.319008260371257,14.319008260371257,-8.275057380383979,8.627005610158065,-5.197820802066575,6.673997067839544,7.988013211311763,9.772250009905461,12.039846040849152,12.543623882042471,18.37408960659065,18.5838173934386,-1.328436040448015,20.732447050497903,US-CMW
974,-15.498474766703719,15.498474766703719,-8.30735447564078,8.420713081449549,-5.145055531158468,5.759414295612553,2.8596488727130454,4.228395386363077,6.1915227539261215,6.330320589300986,12.238864719161747,12.238864719161747,13.048702233157105,18.921201599373376,US-CRK
128,-4.896676630026809,4.896676630026809,-2.6901377783794063,2.7621127456168644,-2.0724615007353435,2.413753370999225,1.2399957578414305,1.7259053129905753,2.9052146507456116,3.2471691942085816,4.7597368497380135,4.7597368497380135,9.420104231580964,11.876274795490515,US-CS2
94,-6.0189967141353815,6.0189967141353815,-3.6602106121997906,3.6602106121997906,-2.1292768430526134,2.4225739453086894,2.0705595280042868,3.330792260524822,3.92002789306665,4.3696180101357855,9.454807269575175,9.71090347591555,12.76534968881164,16.804896443044683,US-CS5
195,-4.590022067413783,4.590022067413783,-2.436141197917769,2.436141197917769,-1.6284810126582228,1.655532809926049,1.3676009823016246,1.7052805431940246,2.879732596258908,2.879732596258908,4.369528613727878,4.369528613727878,11.894743962659811,23.791725030812604,US-CS6
63,-3.61285096815189,3.61285096815189,-1.8122897320934666,2.076318471891441,-0.9411250983929663,1.0922830894787765,0.9991390323834941,1.0141760849976156,1.7478672245612508,1.7478672245612508,3.983133016209743,3.983133016209743,6.909005911448906,10.847027961003409,US-CS8
527,-21.534907506383462,21.534907506383462,-12.231717780058213,13.14858771279526,-8.863038809065323,10.468795616136317,12.314027728685016,14.576586979502235,22.305796812717567,22.79172338161647,44.405223556926494,44.405223556926494,-4.159968363952101,39.50705416739294,US-ChR
1635,-13.221240797995609,13.243179057170776,-7.74756815354283,7.822669748097823,-4.77225077776274,5.46836960185776,4.414114391708657,5.824835953358815,8.187069987885925,8.531728428717308,15.974162224146987,16.001702808999458,6.540517443614066,30.619234788930793,US-DFC
1130,-20.114351269126992,20.288669981933367,-9.07489702998216,9.417669688631046,-5.1951215790092,6.8950780459340795,2.7152820841549206,6.4753674345007965,8.235325256030086,9.926923923777775,24.915091477120953,24.915091477120953,2.552155618558065,46.110927676118486,US-DS3
1444,-5.0814570150320755,5.122752774063984,-3.0324141320994897,3.161572449119991,-1.6841159260486183,2.137155674485548,1.0390326873064615,1.7379892397875074,2.1305462529913815,2.5263860702221494,4.561948849660563,4.561948849660563,-1.1557520199902975,12.178877495830735,US-Dmg
507,-21.033941185117566,21.033941185117566,-8.397849501987995,8.397849501987995,-3.660711513717327,4.401222235280297,3.7026152900597458,4.087645791427831,7.07325576328059,7.180425275140459,12.648220602171122,12.648220602171122,4.319755645730412,16.003961150257098,US-EA5
151,-6.745276516919415,6.745276516919415,-4.169288471161811,4.169288471161811,-2.1877699570113402,2.389723762279931,0.6551783124798025,1.1053923960061163,1.7317076011133252,1.8531685053095108,2.8196213003803225,2.8196213003803225,-2.7088641544857213,20.90861864063022,US-EA6
1978,-8.446980264154561,8.524192785952184,-4.780322805484171,4.9997686316596965,-2.890854742370248,3.3911932105326406,1.7079775411717932,2.6107722834388847,3.265817607381952,3.7443374003843264,6.207306446168087,6.271146242953181,-1.4950419423333148,15.285208277615064,US-EDN
587,-9.798842656379167,9.798842656379167,-5.29290899958906,5.417628994840717,-3.0434300590044394,3.407885243814466,3.3026916445564054,3.6313654952401917,6.330667136232377,6.341820454620228,10.264128025912031,10.264128025912031,-17.13844934469385,26.00454993969959,US-Elm
840,-14.087104323095875,14.087104323095875,-8.40748347497287,8.501239733256664,-4.755617409098901,5.514944857932036,1.877147936650268,2.6688603666906996,4.055365258447134,4.401944969928402,7.66964196246542,7.66964196246542,-14.741253362715618,30.080260848864107,US-EvM
933,-27.43409006902599,28.328687788410917,-13.895455309924687,14.360134908236114,-6.223229165232007,7.318595750296962,2.885293921842754,4.421069931793903,7.407645702643293,7.650097363257633,20.498862849797277,20.498862849797277,-5.142883336183539,25.769213750452245,US-GLE
2191,-9.448459285925365,9.448459285925365,-5.503081077233639,5.605855591530728,-3.3598318792148656,3.7260129900890324,1.814543689045811,2.7363424230793614,3.6588633486963063,4.0005814462484315,7.195451719462785,7.195451719462785,4.321567574822165,16.492890995260677,US-HB2
2091,-2.8172637250197976,2.8172637250197976,-1.581229078308863,1.6360474132471685,-0.8419747755778519,1.00951029098651,0.7522885117770605,1.0364942049587746,1.4129571024271919,1.5349480799372994,2.3866659495152924,2.3866659495152924,7.350467066762646,13.97676357672327,US-HB3
1891,-16.97756919260156,16.97756919260156,-8.617350725577344,9.112718773412428,-5.029654975762762,5.858882106196501,2.888845462734802,3.8639415187229598,6.239655022214469,6.476117054788063,12.138878588276656,12.138878588276656,12.945144096976566,36.081817710920085,US-HBK
101,-0.8981259493302365,0.8981259493302365,-0.3017047242394124,0.3017047242394124,-0.0029462717876939377,0.25778665010965146,0.41006224732080016,0.9307321541514911,1.1617032130407534,1.3192073528586306,2.0330894959423884,2.9785653751297514,1.8638323915959227,7.854887948379931,US-HRA
106,-3.001142228560347,3.001142228560347,-0.6748336138537897,1.4597839229515088,-0.34672049130300797,1.3130563212522115,1.390374242661606,2.1407313008038757,2.746641362622744,2.746641362622744,3.280461362985507,3.280461362985507,-7.612796588834591,21.494281599816752,US-HRC
169,-14.221099967111023,14.227003505378935,-8.661642956325808,9.009879148854994,-4.797602048910951,7.454492631663312,6.594672199039199,8.922257567528618,11.101856258924318,11.860535396768501,18.762120181249458,18.762120181249458,18.450832004838592,48.27736716522142,US-HWB
214,-3.0375641308105195,3.0375641308105195,-1.5519848941186916,1.5519848941186916,-0.9772154729245683,1.2012687156438386,1.8504819278340574,1.8939408440294,4.342824385043061,4.342824385043061,7.981804606974221,7.981804606974221,10.885926988582282,17.21659256558238,US-Hn3
1453,-46.00473842830514,46.13401058403889,-24.7803744340458,26.10502878033604,-14.318550886083894,18.14740503387823,10.743300400619281,18.553430743067366,24.610317642876566,26.792338912554932,63.255228486624304,63.255228486624304,-0.7359679266895836,56.551485867613536,US-Hsm
1292,-9.194293344972653,9.281546606962083,-5.271303953508925,5.458579934652866,-3.2990196673526824,3.9569819828797224,3.327115589077591,3.941076246697664,7.2710624427332915,7.589856692354987,13.762072269041985,13.762072269041985,7.048447143193421,19.165164374436735,US-Jo1
211,-9.118469977232326,9.118469977232326,-6.80869454796951,6.80869454796951,-4.491523266003558,4.674327528517599,2.9846670628659346,4.064063349486543,4.761886776043668,5.142615746786108,10.071836137643281,10.327587918697116,-17.371982169830193,26.54238334107097,US-KFS
674,-8.795518742773565,8.795518742773565,-5.185874553789738,5.3279105536051645,-3.3956105519497184,3.7315542609441175,1.404116318598049,2.078845237230544,2.8808502543008503,3.0534623818356446,5.148398268058745,5.148981829581659,-0.936236709332116,13.948515631513247,US-MEF
248,-29.78531396326883,29.78531396326883,-13.049102035938859,13.629194658303355,-8.339493767872689,8.659505255330803,6.557835380576671,10.295649210933432,11.876604581645015,13.446902104527346,20.675689288401948,20.675689288401948,-2.7500690283144964,47.711198928466615,US-MMS
1470,-12.808952032360192,12.808952032360192,-6.84317897528304,7.133043800435869,-3.613490424031589,4.645132637547627,2.4874850457247555,3.6262380968634167,5.30491532322345,5.455573406047104,8.953110888720751,8.957935514329913,6.350493420523638,32.638231824612106,US-MN3
1218,-8.330610290127545,8.330610290127545,-4.651206199639258,4.788127615928841,-2.582917697929425,3.404474302531781,3.228242748282006,3.795269895053056,5.916604710777862,6.157145758446218,9.674204240685683,9.69000451669666,5.40689761348572,20.484275193591767,US-MOz
2235,-8.425031201746776,8.472338194980605,-4.2892644093957415,4.450135296273849,-2.096576877848465,2.5225896825713336,2.221321234730234,2.604780219832856,4.992527330352676,5.12799777458547,9.432629190083386,9.432629190083386,6.7814581867836345,21.505533457802308,US-Me6
2350,-8.142523662528921,8.142523662528921,-4.064777224167477,4.241428432489675,-2.2621678958479206,2.5906480887365446,1.851134814585552,2.478035814488485,3.7065914617765596,3.923792779058174,7.259226120179653,7.259226120179653,5.188094439173402,17.983074012740005,US-Mo1
2243,-11.203020849603389,11.203020849603389,-5.898570447835785,5.978161842611414,-3.1974302213158508,3.391629547486727,1.5180210578255764,2.396679772826564,3.3857086458744594,3.9204075653004966,8.697427975142537,8.8892917949308,-2.7438963354656503,28.887050062060403,US-Mo2
2031,-4.962993734792671,5.059183402048142,-2.697456301910811,2.8364724456061783,-1.4951296479941636,1.844163584567002,1.1960129310344796,1.5785490100903843,2.3505589756021914,2.4946555759313473,4.695523910114004,4.718782777341662,5.5443671961192775,21.677989222187712,US-Mo3
1811,-10.46126373423653,10.46126373423653,-5.918169196845826,6.676868428981465,-3.057159874625046,4.502659404352468,2.574674579494408,4.069875519814941,5.579295653356296,6.192641692018692,11.312101104956843,11.380362097420782,12.335182975093405,32.56204157944359,US-NC2
722,-7.566505208807699,7.641040965733664,-3.2569241882915714,3.4944902590181606,-1.8152650224671874,2.3538770262152235,1.3019915613091668,1.7833739746465302,2.609894689006625,2.846404598458237,5.600048726593332,5.600048726593332,2.4264287437019716,21.038214515928495,US-NC3
447,-11.904731156019707,11.904731156019707,-6.913730509450273,7.514917632122449,-3.8781565276142658,5.608527922394272,2.4753861969518174,4.06384461254061,4.209499729095185,5.768588826850974,9.76389483080661,10.220771198203867,33.30540657889105,64.42340905839704,US-NSb
1675,-3.0737948353837186,3.0888788350742855,-1.680745139636251,1.7293978197928688,-0.864219902147992,1.0471752797966727,0.7946389134275635,1.0640781567051396,1.590875031221391,1.634144521181014,3.0587174343563244,3.0587174343563244,4.515483208077272,11.887706294865119,US-ONA
270,-13.538204163750875,13.538204163750875,-7.66513016832036,7.7551467010594894,-4.609000917302984,5.220968378422553,5.775852489522428,6.875166733052879,10.459380190608798,10.962922770980164,16.7353355179624,17.994399090165537,0.758028722657681,26.830147560286584,US-OPE
584,-3.0497009625681373,3.0497009625681373,-1.4834346664053109,1.4922314452545387,-0.628065244492541,0.7288888480318692,0.4502590274902283,0.6365396589376051,1.1430216991405486,1.187865099261296,2.127000807482277,2.127000807482277,-1.2963836593454485,10.307827797048652,US-PAS
55,-7.731072041155657,7.731072041155657,-4.441274127667522,4.441274127667522,-2.2013749618019762,2.447540300166761,2.959649629088926,2.959649629088926,4.8028117975891025,4.8028117975891025,10.415188038604795,10.415188038604795,23.392708970546373,27.4549847792363,US-PFL
56,-4.161096734145504,4.161096734145504,-2.3383144068463233,2.3383144068463233,-1.8837764483627515,1.8837764483627515,0.08473177060751169,0.3431804562007824,0.5442013360682103,0.9135282948786205,1.342955497727253,1.342955497727253,18.133477844831063,19.31393134294129,US-PFb
68,-6.450299106517912,6.450299106517912,-3.413323971178594,3.413323971178594,-1.685225845489362,1.685225845489362,1.0321917730741368,1.2324481253108497,2.523296851937592,2.523296851937592,5.156698264726215,5.156698264726215,8.903075470736287,34.36863591728847,US-PFc
87,-5.937900443568254,5.937900443568254,-4.12874314954432,4.12874314954432,-1.9017432646592658,1.9017432646592658,0.15941102631437212,0.3596123779726691,0.9798840436725192,0.9798840436725192,4.422560808097878,4.422560808097878,-6.533210486640419,20.94344250232999,US-PFd
94,-4.165925477790708,4.165925477790708,-2.5329557262487534,2.5329557262487534,-0.913455777808639,1.1327971814771791,0.863440189919294,0.9873452602325843,1.5346130422435276,1.5346130422435276,4.9829233123201035,4.9829233123201035,9.550295843773124,18.038713849874767,US-PFf
66,-0.7519494638314222,0.7519494638314222,-0.3101527579689971,0.3101527579689971,-0.06848341467809238,0.09800441310706295,0.06342240294316594,0.09291999505854291,0.24087662658803372,0.24087662658803372,1.0750052904480203,1.0750052904480203,6.971099134905856,11.53389529055698,US-PFg
55,-8.665290757634882,8.665290757634882,-3.220430480858183,3.6437483222651363,-1.6641128771318205,2.6805530201858123,0.6934157703784788,1.3495889811612944,2.2887231327662487,2.4839143659335505,4.4035907575751425,4.4035907575751425,26.698689879072568,30.337819550722145,US-PFh
44,-8.303864198380799,8.303864198380799,-4.025771332208044,4.025771332208044,-2.52379342318125,3.9340872698328755,7.349261706429962,7.349261706429962,7.758248614405649,7.758248614405649,11.989710004626973,11.989710004626973,11.8223317278465,18.97682771675334,US-PFi
75,-5.1656834716896185,5.1656834716896185,-2.277789128806156,2.277789128806156,-0.7332719450338554,1.0470609586776087,2.164796863086795,2.2326342583059504,4.596859853793068,4.596859853793068,5.476415197875282,5.476415197875282,13.692327354833223,22.151818026706906,US-PFj
70,-3.353358235883401,3.353358235883401,-2.042998148180324,2.21508265418269,-0.8708476713253399,1.6810790085230938,1.6829059373785644,2.911425194630654,2.4312796953163174,3.1047565155534524,3.2923911188732378,3.3777028961850277,19.821044025506847,21.972967547576324,US-PFk
52,-4.744225876606836,4.744225876606836,-2.773688482791637,2.773688482791637,-1.2081214158693396,1.2612635272295885,2.9508239675301278,2.9508239675301278,3.323186135306173,3.323186135306173,9.338847821638431,9.338847821638431,28.846542460985823,36.00342620889213,US-PFm
69,-7.041075237184659,7.041075237184659,-5.345635795849268,5.345635795849268,-3.7026658109073254,3.7026658109073254,0.049325582416335764,0.17807150396990196,0.2859236946173775,0.39243740886172884,0.6653751239650422,0.6653751239650422,14.311030330569135,20.385822568367065,US-PFn
61,-4.438833723589008,4.438833723589008,-2.117372788746204,2.117372788746204,-0.9032114922279085,0.9797925978808307,0.7751719736854559,0.8775086505190349,3.8045365391292947,3.8045365391292947,9.251730319502162,9.251730319502162,14.268632285271055,19.94204739411742,US-PFp
54,-8.360694354702336,8.360694354702336,-3.3418545941338578,3.3418545941338578,-1.2801863542138028,1.4983472404652298,1.1697090321781587,1.8386370350428796,3.713885056486606,3.7552185267366394,5.030275400382605,5.030275400382605,7.585612487034122,14.609289445411807,US-PFq
44,0.0,0.0,0.0,0.0,0.0,0.0,0.0,0.0,0.0,0.0,0.0,0.0,19.832850495379027,30.501445695517425,US-PFr
74,-4.991117493342172,4.991117493342172,-3.0376729114031673,3.0376729114031673,-2.027591141036652,2.027591141036652,0.8232601144632151,1.3879644579758916,1.5684859901788601,1.7513235688201607,3.5791328993538976,3.5791328993538976,18.64368525979115,21.943988621325243,US-PFt
1210,-6.107804190687249,6.107804190687249,-3.3041006014398504,3.3227045471178887,-2.0138340223808076,2.200342189109807,1.8780178427049274,2.2694401942887343,3.2268862752349614,3.364771797560121,5.8329986184055205,5.8329986184055205,7.8217943994537045,18.685682407954822,US-RGA
1141,-9.911823077034427,10.034360158280776,-5.921615584341026,6.206209981511823,-3.5052515788594376,4.660621953097252,4.4984970982515335,5.247896307560261,8.149560431613363,8.529825305022172,13.260066317388407,13.403085446422399,30.79692851341054,55.33612624668012,US-RGB
612,-10.759261668742564,10.835449654365933,-6.669777008583486,6.939821962302336,-3.653724830761343,4.051186842523191,1.8776552815905618,2.9516447891115605,3.901747460516763,4.100684290176124,8.834228005360696,8.834228005360696,-0.5062651533515328,17.081720188262835,US-RGF
961,-7.570582610479688,7.570582610479688,-4.253777252749742,4.387911149770544,-2.534624339231302,3.089893386762652,1.8350391330523792,2.7091627031872,3.5850883731947496,4.178435172551646,6.436446049245187,6.632593324136235,6.409935480745162,31.544895025967968,US-RGW
1123,-10.44229421833566,10.44229421833566,-6.262065250155523,6.506298623091691,-3.829243615984631,4.483020073878893,2.0963273931916886,3.2196197246013685,4.375451289031542,4.86307275316893,9.049650925069779,9.110929162314015,7.469525170902667,21.360094573255452,US-RGo
1495,-26.110929059946514,26.110929059946514,-16.327748730162156,16.391481913652274,-10.75323065153808,11.292972482487917,5.066001988150954,7.317449434350361,10.811800787215816,11.891532207143753,24.30173519282432,24.30173519282432,4.05553447275904,23.21857254018972,US-Rls
1486,-15.871944295093273,15.871944295093273,-9.696779513825536,9.980213814706817,-6.037679142826532,6.9396257004551885,3.6928827379972597,5.049975583645235,7.126572820608027,7.981434790542785,16.15138053683522,16.788503713044392,9.480439271137598,22.72433034528807,US-Rms
2261,-8.253777422503521,8.255739772414945,-3.818143042998528,3.9631894579535603,-2.0933076680632032,2.6192404923455146,2.3180043888133177,2.6666848310635394,4.235475585955619,4.350738379504034,8.176723551072197,8.176723551072197,2.69060527892054,18.678937119165784,US-Ro4
1908,-9.824009018628402,9.824009018628402,-5.659296532287204,6.001074923337434,-3.479268468211753,3.8648576300761404,2.2506829389434824,3.450586934884478,4.594991685099367,5.332093899111125,8.910489810040039,9.280768986470754,3.0034947946426067,25.37984776944701,US-Ro5
1906,-8.969016793486677,8.98695619027851,-4.8017056448064235,5.078352221372018,-2.7354836509866374,3.3456231127203897,2.158975671244304,3.1753686152068346,4.408643665812148,4.89828944104935,8.631414219751216,8.644448634170269,4.259892806671781,18.60372553495516,US-Ro6
1424,-17.15602200352501,17.15602200352501,-9.72891078353835,10.079351923257091,-5.942897343003098,7.217824321545443,5.674953577840029,6.776913637644883,10.928199561687196,11.408385863021458,20.956604062992966,20.956604062992966,7.2138427014436255,23.84866028156494,US-Rwf
1848,-6.398405319569606,6.493144263004735,-3.980665437836509,4.4557544819133525,-2.3697557984614006,3.132334330492311,2.626219174955454,3.598586034529442,4.501649836855581,5.0452859401570205,7.299626523734876,7.577458565585471,9.833332519110353,22.38284213984289,US-Rws
657,-11.569658036467455,11.569658036467455,-6.814617761377109,7.035772974339537,-4.2676783278599695,4.849333167633615,3.0462721383177422,4.408297025015444,6.305524428917743,6.423439230716458,11.704350511554729,11.704350511554729,-19.68721635760534,93.70175220247674,US-SD1
504,-20.107773088342157,20.317938679523703,-12.101248797665644,12.945502581157953,-5.167822126351961,9.171867468885445,8.54675721397509,12.863074019710622,17.048685777193477,18.557694763223413,27.190512242394224,27.190512242394224,-26.556884001111076,155.0073007835107,US-SD2
944,-11.496795758559196,11.496795758559196,-6.286842975144127,6.313437525737665,-3.84561355980893,4.397338645805071,3.8536049346066497,5.7118284733096525,6.982299991532749,7.358998893095757,12.624470660070344,12.66590384062015,18.00606013617062,27.481067387870013,US-SHC
880,-8.27580466753364,8.27580466753364,-4.572794684612494,4.723391610594133,-2.401495886646961,3.1009743077551266,2.6558527774611753,3.4984171920581058,5.053047304677901,5.4532785198411124,8.546901693900494,8.546901693900494,3.9485284634896383,20.948005048017315,US-SP1
2657,-16.31006593085182,16.620480218313975,-8.824416690369691,9.924256553101637,-4.745437859051524,7.02474347592389,9.53511219837303,11.0302575331048,18.50705115387435,19.103617633040415,37.20867688170141,37.41661613098848,5.744288755441169,20.660474515671453,US-SRG
2600,-22.11920799310986,22.268562405598573,-12.570590427412496,13.284785741925715,-7.564363765209079,9.236677670454279,10.031936683847476,11.58196500290933,16.940924385221887,17.39373546439704,35.03400968434883,35.385275636780676,-3.0222846788238016,39.039589890737375,US-SRM
270,-7.61599230446785,7.61599230446785,-3.9529599194827965,3.9529599194827965,-2.0586154141476056,2.387101810707401,4.245836331225718,4.356559710863958,8.220210006559185,8.220210006559185,13.309283135525007,13.309283135525007,-1.0003217965719298,10.06056870457962,US-SRS
1004,-6.792313113432198,6.91508843464839,-3.1107133384077406,3.278998650894624,-1.673286147613293,2.20106881275193,1.41321031814158,2.7521367420117855,2.8250107871198873,3.7516789946180076,6.110785132072293,6.4486799556949395,6.476460832699585,26.88692041072969,US-Sne
549,-13.852048417655693,13.852048417655693,-8.042840375586849,8.31949529970054,-4.87724063206291,5.793569575668149,2.047043039837285,4.184929700620412,4.250974604643358,5.624836640289382,8.450428992282932,8.451644654079356,0.34705436089025293,17.13144615322941,US-Snf
102,-5.456016148443519,5.456016148443519,-2.270352726813102,2.51282590939622,-0.9088139808676193,2.644659839698093,4.024503925052353,4.3095507768465975,7.140023347893352,7.140023347893352,8.799680003175432,8.799680003175432,3.096296136800236,17.3822752056482,US-TLR
2473,-10.188321980779216,10.188321980779216,-5.579454710831023,5.633295411452417,-3.100733013595341,3.687219773181115,2.509716792109445,3.6024459136480753,5.057736486143586,5.397080487478229,9.923528266733411,9.933667270872723,7.409054445258273,20.770402401074826,US-Ton
123,-17.37587607079629,17.37587607079629,-7.410667215722305,8.815750808110492,-5.168526773592423,6.4774163592746445,0.5329935618970075,3.537122515795183,1.7029239326164867,2.816532046575056,5.744159851119061,5.744159851119061,7.007991253497532,13.29934341158851,US-Tw3
2230,-8.382578449797892,8.917975343431769,-4.030308041788246,4.976782857597218,-2.4098199042364103,3.478342543166208,2.262743598122512,3.719851194514013,4.1241759099564455,5.458375960505428,8.453508495209281,8.879590380927446,1.239598235404089,10.11128509057626,US-Tw4
1854,-19.81649229033584,20.24087413538787,-10.325468117408906,11.36134707719169,-6.050147348685988,7.81654240839627,8.773973532555441,10.848051638812219,18.846686541605116,19.09184045631208,36.94127630308739,36.94127630308739,-17.737942633628784,54.64846773285364,US-UC1
1860,-13.948091007319402,13.953215988694275,-7.989557823337334,8.152792526644062,-4.5108778504482725,5.061046205995064,4.294996113587327,6.242410669668894,9.726269526584803,10.122209768380653,20.016949637554426,20.016949637554426,-7.30613144947082,37.89291940839773,US-UC2
248,-21.5646025772608,21.5646025772608,-13.812076638697674,14.649891062838405,-10.82789184675416,12.63315760981944,3.339491260480334,11.4299118496753,8.328191055507203,18.78358387617901,26.9285036820179,36.29157348440056,8.858545614908959,80.93679620853536,US-UTD
319,-9.695882363541276,9.695882363541276,-5.896752771206754,6.544756829291513,-3.661811052641438,4.735489812506805,13.196781334175988,13.20902990544051,20.80032291802645,20.80032291802645,34.062314379826134,34.062314379826134,-1.2097399998366276,20.856054197758368,US-UTE
332,-20.09875232301145,20.09875232301145,-7.296137291532464,10.847096748437938,-3.3094170839308226,7.321028227095636,7.71443324555201,12.300732363102092,10.582391196178277,17.157819377013674,21.65562861732918,21.65562861732918,11.785014035879968,71.54658301455225,US-UTJ
848,-11.736296041671658,11.736296041671658,-7.854422247144413,7.854422247144413,-4.996241635362187,5.356948259175495,1.6913248150638875,3.6278422182784342,3.9672525070789804,4.801661207800829,7.5183971440110255,7.637288135593229,-3.8600729523726933,19.145765466110305,US-UTW
1810,-16.511148497296197,16.59220711163717,-10.298504574194851,10.958351937292251,-6.116315270114389,7.037666410961031,4.127140569175797,5.454680756064892,8.089336349444034,8.664117960852993,15.808841346200456,15.808841346200456,2.7602365548050622,28.9735461810171,US-UiE
1665,-10.061655983293939,10.097395992052064,-4.948636349779747,5.082201620329712,-2.260353389692741,2.728755744121737,2.2717807939759136,2.876484606219015,4.823816408301978,4.9176595447135245,10.423236381681106,10.423236381681106,7.982366308726145,25.21710617833508,US-UiF
1388,-18.802198823576273,18.87008050538376,-9.520254012353336,9.85940047619206,-5.444735677570895,6.959234210610322,5.047600158667202,6.548250108091135,10.282861409008753,10.787413882242607,22.56957892989542,22.56957892989542,9.975232671763635,37.396671003673596,US-UiG
628,-18.034122232125284,18.034122232125284,-8.261032847651338,8.662444853214271,-4.621763932647783,5.326301497006497,3.428639764430002,4.527032403384856,8.203446611016247,8.33127548121201,16.913281105710517,16.913281105710517,-12.973221931218054,54.95181913914392,US-VT1
611,-26.94964103715303,26.94964103715303,-14.11640796456146,14.855294854860185,-8.024310513642074,10.25673213936562,4.1694598680565464,5.548393730074552,8.873643119714258,9.550578488765861,16.230464712483315,16.380541262447395,-22.273066505664435,68.0858584876303,US-VT2
342,-6.870719374823153,6.870719374823153,-3.135515037728495,3.2475616018138735,-1.736680934421551,2.102146948197258,1.5029346146526659,1.7441984886020214,2.7781207615178984,3.1808769817500204,5.284172138860174,5.284172138860174,12.563644660254202,40.123384785266396,US-ZF2
1691,-6.088043492638803,6.088043492638803,-3.4204934482351526,3.5829463027709694,-2.0044358266755773,2.282905833769564,1.4467911134972253,1.9625164585728756,3.0207145307704364,3.2120146858224867,5.818400301730567,5.835464136785628,0.24372877642676727,20.09478218006398,US-xAE
1398,-11.811274029648278,11.836523703104396,-6.920827205231032,7.5204598434454315,-4.468494876580047,5.314534132042842,3.1220232480242043,4.2281447564702255,5.510335170440278,5.7818446494939995,9.81179825392186,9.82288424564614,0.006356659306542299,18.361827481143145,US-xBL
1579,-19.33716911456561,19.34629791060104,-10.774202178213644,11.189981969970153,-5.890994564418976,7.599026328097569,6.758656982332685,7.914572188474791,12.220551133015618,12.805121086579685,21.977628955392035,22.400037652456895,6.6187325933078505,34.947179010912464,US-xBR
1679,-8.353202084589933,8.358221963797863,-4.446166307091467,4.732205654371565,-2.425211391303209,3.002491045724488,1.6244907364616927,2.269522584596657,3.711754146672641,4.008285346038814,7.270415905151769,7.308498327893112,-4.707310033178044,16.647212044572708,US-xCL
1271,-29.2131404512997,29.6036654615651,-17.04098226123478,19.49302772404083,-9.606855824309223,12.723109623181667,7.2598175354778025,15.083903228399038,17.151169046363744,23.63279112806923,34.51416663406477,35.034956932289546,-37.13481094628001,92.9313342678884,US-xCP
1303,-10.969613066246389,10.981726493872685,-6.245694864620051,6.710964163822528,-3.5524505171936824,4.361671652132212,2.477836025457736,3.462657381863182,4.8259247539706305,5.117383017467693,9.772625595410405,9.772625595410405,7.128855798869352,21.133651222402914,US-xDC
1356,-7.920889056319466,8.003207006800178,-4.4637059868107025,4.582364514398136,-2.6342056155882374,3.010259238830665,2.205673816334301,2.6161887229998677,4.596543531161339,4.644904709502574,9.898731966011812,9.898731966011812,1.2436805158365338,21.977248927056955,US-xDL
1732,-3.6957017311168405,3.7239758458581855,-2.1532541344218536,2.241603728990129,-1.287673738919049,1.5229986621593958,1.0516021585824409,1.4015504102892553,2.0260534479731604,2.137809730897649,3.5194931030190855,3.5433795419441276,-1.5357051411502576,9.550443102186293,US-xDS
1464,-23.384522186884748,23.384522186884748,-13.734271003117213,14.871682252682561,-6.437506263494984,9.34753487764237,9.544265264534953,10.550662492119525,15.86505029748432,16.292442039284637,24.96149827138033,24.96149827138033,13.46053692491357,36.853418766047355,US-xGR
1563,-11.23856494276593,11.23856494276593,-6.5871246498046725,6.716331309841561,-3.7891755473776865,4.604072613673159,2.9408573229379136,4.027484509674966,5.592393050441163,6.065182097255597,9.624082857574285,9.666664617767658,-1.3674654409750253,16.59026211689896,US-xJE
1378,-21.477211342765628,21.477211342765628,-12.061481238376553,12.749646221129396,-6.562807825534692,8.348745326865927,6.36933149437511,10.12473788084371,13.676336258757496,15.331976407597285,32.81845558760837,33.48966133875912,-16.51841241430072,45.4835396132407,US-xJR
1545,-15.305762573435914,15.305762573435914,-7.9858616476215,8.433979738413852,-4.705289870509128,5.767909734778792,3.264098711961461,5.021400644838588,6.622059824017015,7.476755554607415,14.868327675834031,14.90420424305792,-0.7560478627194336,24.03205179581354,US-xKZ
1398,-25.598474219284235,25.747343804206263,-15.094674026041222,16.82906876949027,-10.130297681613552,12.360917319595018,9.911921597816646,15.36013053459915,18.74496373892024,20.989062868833113,37.079444411531846,37.80287058626419,-15.184027636354113,64.81543584332996,US-xMB
1127,-47.753060384734084,47.753060384734084,-26.810714427229854,28.210239928721442,-13.604538840569363,15.679769407778275,7.996868028778681,11.416637211978307,16.51584793389152,18.578905976093786,37.45396503755166,37.58787615713436,1.710143970413416,53.73599914215808,US-xML
1099,-11.762570886502242,11.762570886502242,-5.907148749117134,6.232966139345908,-2.839566204191233,3.2347847700033894,2.1650129739696444,2.791904584178817,4.572716936421591,4.809180853532728,8.498915072356976,8.534108654461251,0.13252218273252833,19.342204158895406,US-xNG
1253,-21.181333481952112,21.44902754610809,-14.235859419954119,15.430605725073057,-8.902767993677093,10.735573378150708,7.3104926827752585,11.91991224813145,13.640115271047835,15.55133994458064,26.16349054981475,26.313196274934185,-15.774712574444544,46.01703684541188,US-xNQ
761,-83.20440726593442,83.20440726593442,-55.36110297879476,55.36110297879476,-23.46146574699185,24.88750695833247,13.844245988016207,20.739060088151597,46.810334059650515,48.33940758209169,130.60190728040072,130.60190728040072,-13.094492208801789,343.1148055207027,US-xNW
799,-11.055893914425056,11.055893914425056,-5.791334458476414,6.087908527763964,-3.432595272152673,4.026112294071499,4.358947880227359,5.500096192898826,7.103707884560675,7.48405175966374,12.36792524748701,12.442738700316228,-4.376380710514608,17.31728191151717,US-xPU
1597,-25.566844413592904,25.566844413592904,-14.926929655018975,15.354045949174724,-8.983182543138192,10.440874246911461,6.400507550383522,9.562572168507247,11.596310228941551,13.553441713695523,20.98629127634416,21.178808496936448,-7.365036933930192,32.20753233759737,US-xRM
1444,-3.7703646006559994,3.7703646006559994,-1.978484592310346,2.0925522695757097,-1.0333737158083691,1.3190127446419315,1.1820938347300496,1.399663001451429,2.3363626814328144,2.381718312370867,4.281301730084792,4.343462637349118,5.648422753618915,13.211196024809642,US-xSB
948,-29.70421057805089,29.70421057805089,-16.60449166888945,17.216336716211064,-9.939389241874334,10.691372830912286,4.585830330761455,6.967045032885523,10.931264237877453,11.506438685200406,25.242144159419233,25.242144159419233,-1.0360888308892502,40.131737134195674,US-xSC
1694,-12.487935037037749,12.506018095791488,-6.306220460436041,6.632350405242289,-3.1178239475122953,3.8562651692953365,3.423713027616703,4.444283043905152,5.934094420324897,6.398973252069425,12.018478433345297,12.183370168341952,-1.5274997221147995,24.797407224447863,US-xSE
1392,-18.06348643376485,18.275313582649996,-10.846906645415846,12.04580915934108,-6.027871645209038,7.932682129235465,5.050256183345813,7.39475330287924,9.29702412152739,9.902814688366862,18.271148618667905,18.271148618667905,6.9608455992404,34.01691235599259,US-xSJ
1391,-19.81979709524507,19.81979709524507,-11.49341354530657,12.170535593425697,-7.518579595463361,9.180764404925782,4.973943105667805,7.17765328155515,10.353991416309007,11.264119346423552,22.152578792315644,22.791014430742546,-0.07557586474546668,81.85726251969446,US-xSL
1328,-16.82051207624268,16.92223601711498,-9.48423594694897,10.930662180521521,-5.120632650420202,7.56842479501144,8.763888834480484,10.699028463328702,17.810350055735377,18.21758148520937,34.475760365637264,34.475760365637264,-5.411387134142636,31.585074952002014,US-xSR
1274,-9.072871725162726,9.072871725162726,-4.931298666708451,4.991621523375512,-2.7756069400029872,3.0541620129261724,1.4352026581918635,1.9133889873312913,3.03500000000001,3.340959722357438,5.83119856719938,5.8469333050869805,5.454190551197489,19.0100618024429,US-xST
272,-10.127028963140052,10.127028963140052,-5.811572649250497,7.129157873854725,-2.8345994704378494,5.034766885603805,7.235812266672031,9.224888943973589,10.317851848151534,10.957247545518879,15.818497268534452,15.818497268534452,-27.957392535924093,39.798359112818616,US-xTE
1349,-13.97739893660632,13.97739893660632,-8.235317897321757,8.437879770478837,-5.049125035612175,5.40032248974791,3.686886351162207,4.60388806595447,7.230739715678153,7.696575800564447,13.459981666749194,13.650312036685857,5.355946440535577,26.200001757793622,US-xTR
1485,-11.615204989172408,11.615204989172408,-6.307926293595719,6.363167647644384,-3.175599246969292,3.7081174173112146,2.5913459109219654,3.66359823120195,5.200901892329483,5.64941628341841,8.876235380622324,9.078522490605355,4.323868195106648,27.519240379810096,US-xUK
1513,-12.588565896468246,12.588565896468246,-6.605881202517747,6.860121717518764,-3.558509802994502,4.273252494951055,2.366447358955535,3.510712965393829,4.688104375000082,5.022804364380022,9.365783171712827,9.365783171712827,1.2593774398316349,26.796730413325104,US-xUN
1130,-10.733262905439034,10.733262905439034,-5.9944278432598175,6.357345387599143,-3.1022323449912923,4.323602514742446,3.2946333158247345,4.143887851107943,5.9645471953041795,6.193424541858243,10.835868190065113,10.835868190065113,6.293644137040855,22.207905104745777,US-xWD
1796,-11.910098057240639,11.910098057240639,-6.7416688524914505,7.195588128990834,-3.823007208499442,4.712656867044307,3.9731729879740976,4.928114443789292,7.329512417974923,7.661076959806326,12.180400124472913,12.22562152849971,0.31568133200808857,24.454227136014815,US-xWR
1103,-16.496957785351366,16.496957785351366,-10.551721551271477,10.6833787332953,-5.923030300724696,6.899550667551878,4.16202282768356,6.320288477186501,8.436771174104289,9.121442775834879,15.389189393030886,15.389189393030886,-8.956289081836868,30.379266638103402,US-xYE
1291,-12.923211570848103,13.005989192914614,-7.172738671567609,7.5919308954905365,-3.6873457959133162,4.548344409259835,4.22611303913688,6.01733380505696,7.818935380316773,8.264117938944409,14.083406770904148,14.37606448701169,7.555406617094317,34.92486494940868,ZA-BfK
1197,-6.669625087929054,6.669625087929054,-3.9702429283065137,4.0058081223897135,-2.3399740147249934,2.7143728112894774,1.660090386239203,2.248495528714196,2.9631765524026026,3.1414135039983213,5.913322205890902,5.917812320666671,-0.3370979426556572,15.151735563906744,ZA-BfS
29,-50.496829650009914,50.496829650009914,-29.900111664232405,29.900111664232405,-13.451951611140537,13.451951611140537,10.179448094612356,10.179448094612356,30.702759526938245,30.702759526938245,53.799343926325236,53.799343926325236,-4.904494086727992,14.454708342918615,ZA-Jks
518,-11.86521580946075,11.86521580946075,-6.689732935596547,6.783456142778523,-4.287168703445604,4.8121966272377765,2.7172671522205034,3.7653802853002647,4.998214976628641,5.806517092176875,9.62037802310018,9.62037802310018,-4.425027297330162,12.300415882471142,ZA-Spk
624,-2.697010713956989,2.697010713956989,-1.3496802979462181,1.3730585420922432,-0.8355461768120274,0.8956857163100274,0.4722008127599318,0.6471534755500064,1.1494947126744717,1.2001623326677318,1.9706351662699446,1.9706351662699446,-2.882721536733526,11.694901309089623,ZA-Uby
